YearsExperience,Actual Salary,Sklearn Prediction,Manual Prediction
9.6,112635.0,115790.21011287419,115790.21011287416
4.9,67938.0,71498.2780946286,71498.27809462861
8.2,113812.0,102596.8686606308,102596.8686606308
5.3,83088.0,75267.80422384098,75267.80422384098
3.2,64445.0,55477.79204547594,55477.792045475944
3.7,57189.0,60189.69970699143,60189.699706991436
